Dia,SOH_est
0.0,1.0
1.0,0.9967479352911526
2.0,0.9961957952877807
3.0,0.9956626738513983
4.0,0.9952725463589466
5.0,0.9948773570476982
6.0,0.9938723475394633
7.0,0.9928706260161844
8.0,0.9918934742402092
9.0,0.9913442919110569
10.0,0.990798314103987
11.0,0.9902506060743118
12.0,0.9896171711092262
13.0,0.9889813571395705
14.0,0.9883455431699147
15.0,0.9877036607296182
16.0,0.9870577410127492
17.0,0.9864152755458664
18.0,0.9859608151077945
19.0,0.9855164872438746
20.0,0.9850709483922111
21.0,0.984618187520579
22.0,0.9841691976644477
23.0,0.983730780539237
24.0,0.9833010941132213
25.0,0.9828719516583527
26.0,0.9824447048431737
27.0,0.9820246570964378
28.0,0.9816052874237302
29.0,0.9811865724216298
30.0,0.980774227000768
31.0,0.9803627819207377
32.0,0.9799513368407073
33.0,0.9795406669090132
34.0,0.9791323173983335
35.0,0.9787246975064864
36.0,0.9784029396830723
37.0,0.9780310869893414
38.0,0.9777062203791551
39.0,0.9773111826410389
40.0,0.9769037764489394
41.0,0.9764967065607664
42.0,0.9760904276856478
43.0,0.9756841488105292
44.0,0.9752778699354107
45.0,0.9748712758566018
46.0,0.9744620234201424
47.0,0.9740511470760906
48.0,0.9736418946396312
49.0,0.9732326161671065
50.0,0.9728235370328292
51.0,0.9724144578985519
52.0,0.9720053787642745
53.0,0.9715956863887647
54.0,0.9711881342042069
55.0,0.9707782362324091
56.0,0.9703641712004768
57.0,0.9699499110526726
58.0,0.969604997845142
59.0,0.9692829971260797
60.0,0.9689713409329244
61.0,0.9686592733271093
62.0,0.9683441738505202
63.0,0.9680319878532767
64.0,0.967714548199847
65.0,0.9673866732912741
66.0,0.967055979396891
67.0,0.9667318355392649
68.0,0.9664076916816388
69.0,0.9660841009594314
70.0,0.9657601060355934
71.0,0.9654363654904111
72.0,0.9651170434826375
73.0,0.9648195224752457
74.0,0.9645289402039399
75.0,0.9642545673932358
76.0,0.9639675601735834
77.0,0.963676359736309
78.0,0.963387099426147
79.0,0.9630996492074468
80.0,0.9628240775201757
81.0,0.9625471298346338
82.0,0.962278616388682
83.0,0.9619865845529664
84.0,0.9616955593235536
85.0,0.9614033064482301
86.0,0.9611110535729067
87.0,0.9608193601507695
88.0,0.9605363598179925
89.0,0.9602534147805358
90.0,0.9599710168061256
91.0,0.9596935350783399
92.0,0.9594198582549239
93.0,0.9592128068156325
94.0,0.9589486909797765
95.0,0.9586858000756635
96.0,0.9584996514416664
97.0,0.9582378002087633
98.0,0.9580396169658404
99.0,0.9578407098027679
100.0,0.9576045796849605
101.0,0.9573644662868692
102.0,0.9571252716196417
103.0,0.9568878863222585
104.0,0.9566516880846835
105.0,0.9564118239615721
106.0,0.9561745292881974
107.0,0.9559262324482966
108.0,0.9556874390498894
109.0,0.9554468200408263
110.0,0.9552001169350602
111.0,0.9549569562074485
112.0,0.9547162323618475
113.0,0.9544742936761081
114.0,0.9542231359539824
115.0,0.9539884950951423
116.0,0.9537793908673796
117.0,0.9535836993669979
118.0,0.9533901205633811
119.0,0.9531934384235773
120.0,0.9529919920813874
121.0,0.9527977952579051
122.0,0.9525973691010614
123.0,0.9523974744997181
124.0,0.9522044331210483
125.0,0.9520087920048577
126.0,0.9518354579428956
127.0,0.9516698915543598
128.0,0.9514765144336205
129.0,0.9512822458526689
130.0,0.9510826111037655
131.0,0.9508888821533622
132.0,0.9506949619713279
133.0,0.9504996645562934
134.0,0.9503428047313095
135.0,0.9501471007369513
136.0,0.9500419136078115
137.0,0.9499404684581522
138.0,0.9497447181908636
139.0,0.9495840537215173
140.0,0.9494097366746164
141.0,0.9492116268178089
142.0,0.9490102768416399
143.0,0.9488146308288689
144.0,0.948628768580555
145.0,0.9484308769850062
146.0,0.9482329853894573
147.0,0.9480503205917266
148.0,0.9478523646206914
149.0,0.9476692551167027
150.0,0.947483026358726
151.0,0.9472898971493804
152.0,0.9471050093910337
153.0,0.9469612555720859
154.0,0.9468934927644953
155.0,0.9467104122900283
156.0,0.9465220312186382
157.0,0.9463243389227184
158.0,0.9461382055779198
159.0,0.9459407765351883
160.0,0.9457435480843595
161.0,0.9455472584950998
162.0,0.9453497231074848
163.0,0.9451495592212036
164.0,0.9449506720343148
165.0,0.9447554884482818
166.0,0.9445594469684689
167.0,0.9444568045334824
168.0,0.9442686907721108
169.0,0.9440706497049919
170.0,0.9438923039642819
171.0,0.9437395649599379
172.0,0.9435711408024461
173.0,0.9433980000528402
174.0,0.9432107974540483
175.0,0.9430244316990297
176.0,0.9428931247516111
177.0,0.9427271982520716
178.0,0.9425472966416544
179.0,0.9423834660155929
180.0,0.9422163909632821
181.0,0.9420545713124517
182.0,0.9418929772819232
183.0,0.9417313832513947
184.0,0.941581904661676
185.0,0.9414070229956839
186.0,0.9412612488462166
187.0,0.9411625693329237
188.0,0.941014770844793
189.0,0.94086386380144
190.0,0.9407097846216207
191.0,0.9405338629226907
192.0,0.9403506018933929
193.0,0.9401823809856279
194.0,0.9400029012155053
195.0,0.9398168630450738
196.0,0.9396480781039043
197.0,0.9394814945530368
198.0,0.9393071148446102
199.0,0.9391314214717688
200.0,0.9389559664922955
201.0,0.938787441971514
202.0,0.9386133078941098
203.0,0.9384725540637434
204.0,0.9383156292272936
205.0,0.9381499146081322
206.0,0.93797916059489
207.0,0.9378147304989577
208.0,0.9376471357838193
209.0,0.9374786773235045
210.0,0.9373111570606835
211.0,0.937144645029339
212.0,0.9369812639736618
213.0,0.9368197176949072
214.0,0.9366516130492517
215.0,0.9364876767923778
216.0,0.9363215807882103
217.0,0.9361514925056339
218.0,0.935984372535529
219.0,0.9358249840603964
220.0,0.9356748589395767
221.0,0.935518272086579
222.0,0.9353637459702578
223.0,0.935209453008543
224.0,0.9350932308810311
225.0,0.9349478580104372
226.0,0.934789472721432
227.0,0.9346225782845293
228.0,0.9344554611697697
229.0,0.9342880222238827
230.0,0.9341316685205528
231.0,0.9339684218597134
232.0,0.9338308679472622
233.0,0.9336739846594675
234.0,0.933530183002664
235.0,0.9333697082281238
236.0,0.9332126465905752
237.0,0.9330612248952845
238.0,0.9329043320078774
239.0,0.9327528682639221
240.0,0.9326204553662072
241.0,0.9324687491785415
242.0,0.9323127011264538
243.0,0.9321498925613729
244.0,0.9319932554806266
245.0,0.9319019381394296
246.0,0.9317543758137748
247.0,0.9316043403383336
248.0,0.9314548017979083
249.0,0.9313289480977576
250.0,0.9311818440733072
251.0,0.9311045522371333
252.0,0.93096449982893
253.0,0.9308189502146712
254.0,0.9306639915536666
255.0,0.9305400232767813
256.0,0.9304778484377146
257.0,0.9303781899346405
258.0,0.9302331661495475
259.0,0.9300838902014376
260.0,0.9299263612891621
261.0,0.9297691603879407
262.0,0.929610885260496
263.0,0.9294526101330512
264.0,0.9292943350056065
265.0,0.929136050143612
266.0,0.9289767274871636
267.0,0.9288186016016438
268.0,0.928661225236331
269.0,0.9285168070226664
270.0,0.9283588392843074
271.0,0.9282008564008635
272.0,0.9280437777426036
273.0,0.9278982348146771
274.0,0.9277748467065089
275.0,0.9276524946263924
276.0,0.9275304644471751
277.0,0.9274074073224589
278.0,0.9273096403932417
279.0,0.9271911844017665
280.0,0.9270735783450029
281.0,0.926953833218987
282.0,0.9268313228707743
283.0,0.9267086561612197
284.0,0.9265860896053361
285.0,0.9264638285165467
286.0,0.9263413803730168
287.0,0.9262232489473006
288.0,0.9261012895693996
289.0,0.9259788849675822
290.0,0.9258571272041889
291.0,0.9257291474542981
292.0,0.9256200749510257
293.0,0.9255069290342989
294.0,0.925385723424413
295.0,0.9252637385242658
296.0,0.9251422405775537
297.0,0.9250209547366564
298.0,0.9249001999020263
299.0,0.9247734462020741
300.0,0.9246558470413739
301.0,0.9245547014450437
302.0,0.9244337261383768
303.0,0.9243366000034513
304.0,0.9242175140440404
305.0,0.9240956452977159
306.0,0.9239739455549506
307.0,0.9238525727017206
308.0,0.923730953290783
309.0,0.9236092382024718
310.0,0.923491319259475
311.0,0.9233696195167097
312.0,0.923251237665616
313.0,0.9231330431627027
314.0,0.9230137738570073
315.0,0.9228922082018406
316.0,0.9227709992356815
317.0,0.9226496721082624
318.0,0.9225290189304077
319.0,0.9224076149076612
320.0,0.9223078214286923
321.0,0.922190225555603
322.0,0.9220702655674126
323.0,0.9219515013133734
324.0,0.9218327366274066
325.0,0.9217132756684068
326.0,0.9215922263238443
327.0,0.9214679901832971
328.0,0.9213455772277105
329.0,0.9212276230025885
330.0,0.9211103684985581
331.0,0.9209921213408938
332.0,0.9208707849268449
333.0,0.9207490698385337
334.0,0.9206279656381577
335.0,0.9205111873129106
336.0,0.9203916725382068
337.0,0.9202707384166351
338.0,0.920152706520539
339.0,0.9200345839452815
340.0,0.9199149396514694
341.0,0.9198035034258727
342.0,0.9196997055952728
343.0,0.9195793733480372
344.0,0.9194616214544968
345.0,0.9193575678398318
346.0,0.919237526289614
347.0,0.9191164984955669
348.0,0.9189947557864022
349.0,0.9188731757991266
350.0,0.9187512246415478
351.0,0.9186296446542722
352.0,0.9185076934966934
353.0,0.9183855776352413
354.0,0.918264356282826
355.0,0.9181422970165504
356.0,0.9180205543073857
357.0,0.9178993329549704
358.0,0.9177772278064401
359.0,0.9176557484316099
360.0,0.9175346667830252
361.0,0.9174139365824142
362.0,0.9172952856519214
363.0,0.9171804756668352
364.0,0.9170632047132019
365.0,0.9169443023678956
366.0,0.9168274266926812
367.0,0.9167099532722475
368.0,0.9165966581939168
369.0,0.9164797969105316
370.0,0.9163631881989271
371.0,0.916244179206213
372.0,0.9161261841272375
373.0,0.916008498545873
374.0,0.9158901658025117
375.0,0.9157733596408376
376.0,0.9156566449982719
377.0,0.9155966620417461
378.0,0.9154816200516086
379.0,0.9153667222991667
380.0,0.915246756463431
381.0,0.915129462993119
382.0,0.9150189296251866
383.0,0.9149032752723242
384.0,0.9147855035114978
385.0,0.9146920558166011
386.0,0.9145982898817064
387.0,0.9145014365113024
388.0,0.9143817814402698
389.0,0.9142623897022673
390.0,0.9141663434340057
391.0,0.9140490637520259
392.0,0.9139339812533617
393.0,0.913815807630272
394.0,0.9136986652142514
395.0,0.9135809796328869
396.0,0.9134617585112538
397.0,0.9133423030901526
398.0,0.9132230682656551
399.0,0.9131030368323722
400.0,0.9129829818953618
401.0,0.9128623979893931
402.0,0.9127428341240538
403.0,0.9126248098470822
404.0,0.9125048889976705
405.0,0.9123844994299058
406.0,0.9122644444928955
407.0,0.9121462511264584
408.0,0.912026762549886
409.0,0.9119089616211764
410.0,0.911788906684166
411.0,0.9116689565338638
412.0,0.9115492994806103
413.0,0.9114312492733982
414.0,0.9113143489236697
415.0,0.9111975666182204
416.0,0.9110783317937229
417.0,0.9109613222239341
418.0,0.9108436917914654
419.0,0.9107233898562267
420.0,0.9106033349192163
421.0,0.9104831934099212
422.0,0.9103655629774525
423.0,0.9102477537511298
424.0,0.9101299091187847
425.0,0.9100117464222333
426.0,0.9098961521674004
427.0,0.9097770460182583
428.0,0.909659275973322
429.0,0.9095434348788622
430.0,0.9094246575517059
431.0,0.9093055029299655
432.0,0.9091868558996185
433.0,0.909070724725825
434.0,0.9089524454373602
435.0,0.908833755343318
436.0,0.9087158522617536
437.0,0.9085972832547389
438.0,0.908481378097846
439.0,0.9083637913246553
440.0,0.9082470764757775
441.0,0.9081334491973202
442.0,0.908015833124373
443.0,0.9079011414844558
444.0,0.9077823014813657
445.0,0.9076634509587428
446.0,0.907545184409037
447.0,0.907426275374191
448.0,0.9073078059849575
449.0,0.9071918637590003
450.0,0.9070738884947321
451.0,0.9069571013289319
452.0,0.9068386079649312
453.0,0.9067217915882181
454.0,0.9066034077150862
455.0,0.9064852102069503
456.0,0.9063691686187724
457.0,0.9062541479999205
458.0,0.9061353520865775
459.0,0.9060171197788128
460.0,0.9058984617874013
461.0,0.9057844997272807
462.0,0.9056661112936382
463.0,0.9055476757368455
464.0,0.9054301752792433
465.0,0.9053129526639357
466.0,0.9051951222885469
467.0,0.9050770467838088
468.0,0.9049682094779246
469.0,0.9048541676805664
470.0,0.904737299100611
471.0,0.9046204357709977
472.0,0.9045031684102403
473.0,0.9043880840082796
474.0,0.9042720398078284
475.0,0.9041605103631317
476.0,0.9040496198599902
477.0,0.9039379713576761
478.0,0.9038234681855223
479.0,0.9037100728673075
480.0,0.9035966911219578
481.0,0.9034841328200006
482.0,0.9033696464468769
483.0,0.90325739193815
484.0,0.9031893732530947
485.0,0.9031571070914893
486.0,0.9030493823159071
487.0,0.902946112741978
488.0,0.9028329171099757
489.0,0.9027449977635336
490.0,0.9026320582735391
491.0,0.9025188595351744
492.0,0.9024085496763954
493.0,0.9022956101864009
494.0,0.9021830114459015
495.0,0.9020736177727127
496.0,0.9019606738062151
497.0,0.9018502028489241
498.0,0.9017400460492407
499.0,0.901633616646165
500.0,0.9015328442322093
501.0,0.9014372769318241
502.0,0.9013306121131746
503.0,0.9012186583220565
504.0,0.901109950500486
505.0,0.9010155820476723
506.0,0.9009133480768792
507.0,0.9008098450909964
508.0,0.9007000283161749
509.0,0.9005944256026829
510.0,0.9004936969980397
511.0,0.900392540454903
512.0,0.900277972923899
513.0,0.900163339483606
514.0,0.9000624658584752
515.0,0.8999626572579099
516.0,0.8998477926897227
517.0,0.8997364502557651
518.0,0.8996299670190409
519.0,0.8995266010392831
520.0,0.89943292225969
521.0,0.8993217243223794
522.0,0.8992202131717303
523.0,0.8991142330209656
524.0,0.8990122966259622
525.0,0.898920352441412
526.0,0.898891431595272
527.0,0.8988184381876975
528.0,0.8987280515097199
529.0,0.8986688780514878
530.0,0.8985625002892028
531.0,0.8984496171707235
532.0,0.898333487747627
533.0,0.8982177905949258
534.0,0.8981014111248518
535.0,0.8979867904148671
536.0,0.8978717003194877
537.0,0.8977731383999403
538.0,0.8976750161041487
539.0,0.8976476563310168
540.0,0.8975372683363393
541.0,0.8974305890810913
542.0,0.8973397139173215
543.0,0.8972414775115658
544.0,0.8971766190372827
545.0,0.8970735885383403
546.0,0.8969815710996079
547.0,0.8968885555046838
548.0,0.8967903985948519
549.0,0.8966940242661374
550.0,0.896587769846926
551.0,0.8964829062396089
552.0,0.8963714104722781
553.0,0.8962609243352796
554.0,0.8961532555672966
555.0,0.8960559801258984
556.0,0.8959483105814123
557.0,0.8958416714533427
558.0,0.895735013128303
559.0,0.8956248124164918
560.0,0.8955145711153538
561.0,0.8954066046035835
562.0,0.8952987145697993
563.0,0.8951904961266732
564.0,0.8950976477744568
565.0,0.8950486527965826
566.0,0.8949451633742463
567.0,0.8948470402164989
568.0,0.8947668993388438
569.0,0.8946868383695478
570.0,0.8946566476927331
571.0,0.8945468249831295
572.0,0.8944407819882271
573.0,0.8943327297689098
574.0,0.8942227953095895
575.0,0.8941433936833688
576.0,0.8940401187994552
577.0,0.8939996191739713
578.0,0.8939020211317842
579.0,0.8937997123138779
580.0,0.8936947894407415
581.0,0.8935920490435904
582.0,0.8934891181469665
583.0,0.8933827532898986
584.0,0.8932787897611086
585.0,0.8931749131043764
586.0,0.8930724781186629
587.0,0.8929663866916167
588.0,0.8928606940347785
589.0,0.8927926965253465
590.0,0.8926890174237818
591.0,0.8925809694671236
592.0,0.8924789624137521
593.0,0.8923769441907221
594.0,0.8922764051903441
595.0,0.8921688904692985
596.0,0.8920605776038826
597.0,0.8919664212992839
598.0,0.8918641442899642
599.0,0.8917616156115152
600.0,0.8917172306343596
601.0,0.8916454796061054
602.0,0.8915396500415215
603.0,0.891439656240109
604.0,0.8913389651958855
605.0,0.8912339396644308
606.0,0.8911346448127743
607.0,0.8910365950539879
608.0,0.8909373605118855
609.0,0.8908355793051004
610.0,0.8907644321006393
611.0,0.8906640197857476
612.0,0.8905633147365923
613.0,0.8904623791624648
614.0,0.8903619453499947
615.0,0.890262032560534
616.0,0.8901635151598167
617.0,0.8900640792166699
618.0,0.8899647421951022
619.0,0.8898656635803788
620.0,0.8897665634680769
621.0,0.8896681622452761
622.0,0.8895697683487407
623.0,0.8894727087410274
624.0,0.8893744957839596
625.0,0.8893130598202994
626.0,0.8892170796104601
627.0,0.8891212623850813
628.0,0.8890240223313858
629.0,0.8889654156739987
630.0,0.8889171964488155
631.0,0.8888208415427921
632.0,0.888723474563346
633.0,0.8886270500542451
634.0,0.8885485765364725
635.0,0.8884520214786673
636.0,0.8883622562780323
637.0,0.8882662362875418
638.0,0.8881717021263454
639.0,0.888084718936099
640.0,0.888037950404136
641.0,0.8879898584101298
642.0,0.8879129944750552
643.0,0.8878697609952267
644.0,0.8877761472881432
645.0,0.8877310469602067
646.0,0.8876363108629749
647.0,0.8875423510491556
648.0,0.8874480477685045
649.0,0.8873991266948401
650.0,0.8873197436658836
651.0,0.8872316616521108
652.0,0.887138358386487
653.0,0.8870436123035265
654.0,0.8869757382841087
655.0,0.8869594025312817
656.0,0.8868658580221886
657.0,0.8867729489242976
658.0,0.8866802173922145
659.0,0.8865874996173437
660.0,0.8864948190334838
661.0,0.8864214505007574
662.0,0.8863336977187047
663.0,0.8862400226950592
664.0,0.8861474229851664
665.0,0.8860539113594781
666.0,0.885961002261587
667.0,0.8858674860169221
668.0,0.8858254195836668
669.0,0.8857521914244477
670.0,0.8856613139293907
671.0,0.8855798987848582
672.0,0.8854884817780032
673.0,0.8853953185258739
674.0,0.8853025886049484
675.0,0.8852097554694499
676.0,0.8851180797402287
677.0,0.8850308760394376
678.0,0.8849387503576162
679.0,0.8848460606884905
680.0,0.8847541697107919
681.0,0.8846615482008892
682.0,0.8845707713010564
683.0,0.8845070162392061
684.0,0.8844576999733301
685.0,0.8843653474376976
686.0,0.884272940282063
687.0,0.8841812604759072
688.0,0.8841026539035853
689.0,0.884009258919005
690.0,0.8839162740989209
691.0,0.8838234214591083
692.0,0.8837311215751457
693.0,0.8836720684720404
694.0,0.8835949831558735
695.0,0.883502576911691
696.0,0.8834098052048809
697.0,0.8833176438608316
698.0,0.8832254416137505
699.0,0.8831327452765053
700.0,0.8831002301582458
701.0,0.8830063286861523
702.0,0.8829242451222789
703.0,0.8828315476973552
704.0,0.8827589039802056
705.0,0.882685143603191
706.0,0.8825955785534076
707.0,0.8825029711400781
708.0,0.8824103421830677
709.0,0.8823187384025075
710.0,0.8822460927113573
711.0,0.8821560962857838
712.0,0.8820644331034531
713.0,0.881972506507
714.0,0.8818807711396072
715.0,0.8817896713250546
716.0,0.8817096005636113
717.0,0.8816182875838496
718.0,0.8815251558540658
719.0,0.8814322614474078
720.0,0.8813408381655441
721.0,0.8812491510675355
722.0,0.8811564723019321
723.0,0.8810635409076117
724.0,0.8809704924494698
725.0,0.8808773347762949
726.0,0.88078496877492
727.0,0.8806946494192737
728.0,0.8806044487090201
729.0,0.8805141722765532
730.0,0.8804242660928939
731.0,0.8803336367346991
732.0,0.8802428790004599
733.0,0.8801536931423402
734.0,0.8800649926504647
735.0,0.8799752007580167
736.0,0.879884514234243
737.0,0.8797951536969725
738.0,0.8797049510176834
739.0,0.8796143638705243
740.0,0.8795241534059721
741.0,0.8794347791355733
742.0,0.8793448480472148
743.0,0.8792554058432398
744.0,0.8791686829225454
745.0,0.8790813881372654
746.0,0.8789970665817665
747.0,0.8789097064362651
748.0,0.8788204454573497
749.0,0.8787302427780607
750.0,0.8786402193761972
751.0,0.8785496815696332
752.0,0.8784604957115134
753.0,0.8783705768184608
754.0,0.8782798749608197
755.0,0.8781896644962676
756.0,0.878101853429695
757.0,0.878011681722219
758.0,0.8779213499223986
759.0,0.8778316692270988
760.0,0.8777416458252353
761.0,0.8776512443134217
762.0,0.8775605819308949
763.0,0.8774722528371468
764.0,0.8773837137584944
765.0,0.8772982634119523
766.0,0.8772116340252135
767.0,0.8771250375477286
768.0,0.8770364564548732
769.0,0.876947684371909
770.0,0.8768745935213663
771.0,0.8767874872035482
772.0,0.8766981538920838
773.0,0.8766072592283117
774.0,0.8765160024068839
775.0,0.8764247835138136
776.0,0.8763346091702735
777.0,0.8762471380164273
778.0,0.8761586055772566
779.0,0.8760683126231811
780.0,0.8759768756906468
781.0,0.8758859810268746
782.0,0.8757956877919351
783.0,0.8757084851844456
784.0,0.8756200328071193
785.0,0.8755297530047137
786.0,0.8754396547439424
787.0,0.8753500738892639
788.0,0.8752598693958719
789.0,0.8751713047173818
790.0,0.8750835368421693
791.0,0.8749960728397091
792.0,0.8749057307035836
793.0,0.8748155688009069
794.0,0.8747256400588139
795.0,0.8746349943903614
796.0,0.8745451703777756
797.0,0.8744569701426427
798.0,0.8743673134107628
799.0,0.874280763889834
800.0,0.8741924256390162
801.0,0.8741039683509042
802.0,0.8740164524086362
803.0,0.8739275728694171
804.0,0.8738388879893807
805.0,0.8737505361277138
806.0,0.87366122105179
807.0,0.8735736596879817
808.0,0.8734860121601609
809.0,0.8733987719620904
810.0,0.8733180632852924
811.0,0.8732295958910825
812.0,0.8731410515435564
813.0,0.8730530842273955
814.0,0.8729765453925852
815.0,0.8728880000206735
816.0,0.8728021209665205
817.0,0.8727212115154585
818.0,0.8726788576316927
819.0,0.8725912683390297
820.0,0.8725022916809129
821.0,0.8724136278768266
822.0,0.8723252413641488
823.0,0.8722424229568896
824.0,0.8721553880172018
825.0,0.8720673992576525
826.0,0.871979236363482
827.0,0.8718907186491737
828.0,0.8718026884877389
829.0,0.8717146201994344
830.0,0.8716272083777394
831.0,0.8715473345317754
832.0,0.8714641916480844
833.0,0.871376575243185
834.0,0.87130202584199
835.0,0.8712314583986213
836.0,0.8711460074336566
837.0,0.8710589412717776
838.0,0.8709704588041575
839.0,0.8709216289468609
840.0,0.8708661009416818
841.0,0.8707853447672631
842.0,0.870697518323233
843.0,0.8706105685671216
844.0,0.8705626759159752
845.0,0.8704955487097474
846.0,0.8704194199598934
847.0,0.8703333767612289
848.0,0.8702449817667391
849.0,0.8702007783073996
850.0,0.8701578265390973
851.0,0.8700812411080691
852.0,0.8699936118662333
853.0,0.8699305464528538
854.0,0.8698488772659876
855.0,0.8697611260027034
856.0,0.8696750993136186
857.0,0.8695861140023731
858.0,0.8695155750765562
859.0,0.8694287818782046
860.0,0.8693426062402279
861.0,0.8692558528978839
862.0,0.869173695351853
863.0,0.86910040367541
864.0,0.8690141951552731
865.0,0.8689279866351363
866.0,0.8688417392799195
867.0,0.8687645484048502
868.0,0.8687054970699455
869.0,0.8686498108607484
870.0,0.8686097757989207
871.0,0.8685335176330412
872.0,0.8684844353699069
873.0,0.8684369879143706
874.0,0.868369019075452
875.0,0.8683101312848852
876.0,0.8682348028934304
877.0,0.8681488168267075
878.0,0.8680679257808919
879.0,0.8679800880648394
880.0,0.8678917270965985
881.0,0.867804086358271
882.0,0.8677179246963364
883.0,0.8676289970848761
884.0,0.8675426615039934
885.0,0.8674660497484487
886.0,0.8673781961748849
887.0,0.8672884810950384
888.0,0.8671987053971054
889.0,0.8671106188535428
890.0,0.8670218894201064
891.0,0.8669359569232319
892.0,0.8668609418653822
893.0,0.8667863716238666
894.0,0.8667129048742361
895.0,0.8666311919932129
896.0,0.8665402784533465
897.0,0.866450041580386
898.0,0.8663601460325653
899.0,0.8662721719090072
900.0,0.8661895565342808
901.0,0.866104826341212
902.0,0.8660158520842725
903.0,0.8659388021813353
904.0,0.8658589095008917
905.0,0.8657765178324625
906.0,0.8656917643596028
907.0,0.8656064665320246
908.0,0.8655212645250145
909.0,0.8654726621907006
910.0,0.865386210899166
911.0,0.8653066159002127
912.0,0.8652274031595052
913.0,0.8651482675394735
914.0,0.8650731611722731
915.0,0.8650008023414986
916.0,0.8649276516073464
917.0,0.864842015212508
918.0,0.8647530105721317
919.0,0.8646748296282796
920.0,0.8645968896677033
921.0,0.8645244748076908
922.0,0.8644399593056511
923.0,0.8643688301383184
924.0,0.8642805689134746
925.0,0.8642019152814652
926.0,0.864122985937257
927.0,0.8640363095126687
928.0,0.8639669956161155
929.0,0.8638829261705478
930.0,0.86379796138466
931.0,0.8637205351737606
932.0,0.863636144666123
933.0,0.8635602404905813
934.0,0.863484409585261
935.0,0.8633932764004613
936.0,0.8633037180226419
937.0,0.8632118483760878
938.0,0.8631314569217728
939.0,0.8630577815126076
940.0,0.8629770125707542
941.0,0.862906008614015
942.0,0.8628465866966675
943.0,0.8627766241159183
944.0,0.8626946257788967
945.0,0.8626149366169219
946.0,0.8625366914839743
947.0,0.8624525079464702
948.0,0.8623675106715692
949.0,0.8622909983139668
950.0,0.8622100985904798
951.0,0.8621294459916988
952.0,0.8620449260872683
953.0,0.8619608044468569
954.0,0.8618970382858682
955.0,0.8618349403261834
956.0,0.8617709256977961
957.0,0.8616898793080278
958.0,0.8616082528511364
959.0,0.8615236721121357
960.0,0.8614386292526056
961.0,0.8613634047461682
962.0,0.8612791350944459
963.0,0.8611951464518678
964.0,0.8611225448176104
965.0,0.8610471844901032
966.0,0.8609824081774636
967.0,0.860904831401759
968.0,0.8608261679501176
969.0,0.860747945608686
970.0,0.8606692165919965
971.0,0.860592114225318
972.0,0.8605165019252454
973.0,0.8604419330479538
974.0,0.8603654400750623
975.0,0.8603192690982855
976.0,0.8602438424893782
977.0,0.8601630210532412
978.0,0.8600871072861961
979.0,0.8600116972296301
980.0,0.8599355505827094
981.0,0.8598599441542333
982.0,0.859781418984458
983.0,0.8597021412033073
984.0,0.8596234621877642
985.0,0.8595485397138563
986.0,0.8594728252462794
987.0,0.85939714832201
988.0,0.8593214713977405
989.0,0.8592465110556537
990.0,0.8591713040054922
991.0,0.8590967847704732
992.0,0.8590212778279127
993.0,0.8589442756638823
994.0,0.858868489806356
995.0,0.8587931390241207
996.0,0.8587163756144423
997.0,0.8586392759103534
998.0,0.8585631391759755
999.0,0.8584889627629384
1000.0,0.8584134954822865
1001.0,0.8583385133782008
1002.0,0.8582630005080223
1003.0,0.8581890907296625
1004.0,0.8581148869725773
1005.0,0.8580401223125693
1006.0,0.8579640888588954
1007.0,0.8578893801710121
1008.0,0.8578496681926273
1009.0,0.8577821340848246
1010.0,0.8577065484490511
1011.0,0.8576300706790784
1012.0,0.8575537932203933
1013.0,0.8574782287086321
1014.0,0.8574024476051829
1015.0,0.8573263555595535
1016.0,0.8572501803080198
1017.0,0.8571741224257898
1018.0,0.857098288603873
1019.0,0.8570226438426528
1020.0,0.856976512680923
1021.0,0.8569041821848278
1022.0,0.8568275950703417
1023.0,0.8567514952691151
1024.0,0.8566751405322944
1025.0,0.8566002680647942
1026.0,0.8565238000088502
1027.0,0.8564513808460482
1028.0,0.856407554053754
1029.0,0.8563317633792515
1030.0,0.8562563879908716
1031.0,0.856182180341082
1032.0,0.8561213027878218
1033.0,0.8560465739906536
1034.0,0.855979575752943
1035.0,0.8559069135370763
1036.0,0.8558734849861886
1037.0,0.8557986183833981
1038.0,0.8557282497285965
1039.0,0.8556533323358814
1040.0,0.8555788562616422
1041.0,0.8555283516319133
1042.0,0.8554713692316908
1043.0,0.8554049232129008
1044.0,0.8553536462766307
1045.0,0.855278012156137
1046.0,0.855242395285963
1047.0,0.8551917369100072
1048.0,0.8551162222571247
1049.0,0.8550403036985218
1050.0,0.8549657043189112
1051.0,0.8548935054181667
1052.0,0.8548180921745326
1053.0,0.8547414011298158
1054.0,0.8546654266890563
1055.0,0.8545915853355995
1056.0,0.854518299614712
1057.0,0.8544438207856178
1058.0,0.8544073330289378
1059.0,0.8543498351885768
1060.0,0.8542746369226687
1061.0,0.8542002471838088
1062.0,0.8541248206289509
1063.0,0.8540509274201489
1064.0,0.8539931789428615
1065.0,0.8539268249297265
1066.0,0.8538942315084743
1067.0,0.8538552108130232
1068.0,0.8537796744370144
1069.0,0.8537092356639089
1070.0,0.8536457423183247
1071.0,0.8535721581859963
1072.0,0.8534984553545975
1073.0,0.8534516684717754
1074.0,0.8533750266700777
1075.0,0.8532997288356609
1076.0,0.8532504036204582
1077.0,0.853201662081543
1078.0,0.8531270872531719
1079.0,0.8530962959857344
1080.0,0.853024067642772
1081.0,0.8529483489435535
1082.0,0.8528736841714678
1083.0,0.8527970013965697
1084.0,0.8527220762572607
1085.0,0.8526464662914797
1086.0,0.8525738720765513
1087.0,0.8524998178641908
1088.0,0.8524235151169082
1089.0,0.8523473644393952
1090.0,0.8522705504076163
1091.0,0.852193862292461
1092.0,0.8521167311726453
1093.0,0.8520402531339547
1094.0,0.8519658320629631
1095.0,0.851891991016442
1096.0,0.8518160313710932
1097.0,0.8517477342348212
1098.0,0.8516720189277477
1099.0,0.8515993351311368
1100.0,0.8515254811463859
1101.0,0.8514492807893517
1102.0,0.8513756219034888
1103.0,0.8513006085394081
1104.0,0.8512242010158302
1105.0,0.8511482435791691
1106.0,0.8510725746731831
1107.0,0.8509985231168506
1108.0,0.8509218200525248
1109.0,0.8508453143118568
1110.0,0.8507688085711889
1111.0,0.8506935051253008
1112.0,0.8506184132461323
1113.0,0.8505413160665354
1114.0,0.8504655155646808
1115.0,0.8503889736704917
1116.0,0.8503133929783664
1117.0,0.850236819331446
1118.0,0.8501614615838808
1119.0,0.8500841846614405
1120.0,0.8500071406621332
1121.0,0.8499302865509694
1122.0,0.8498535093065507
1123.0,0.8497777495451677
1124.0,0.8497008059077266
1125.0,0.8496242577757644
1126.0,0.8496006681793824
1127.0,0.849546674949577
1128.0,0.8494904749839077
1129.0,0.8494329783925465
1130.0,0.8493833882276866
1131.0,0.8493537780451456
1132.0,0.8492902879804182
1133.0,0.8492334132341359
1134.0,0.8491578648416677
1135.0,0.8490860982429557
1136.0,0.8490191480377105
1137.0,0.8489420667121742
1138.0,0.8488657839339391
1139.0,0.848789501155704
1140.0,0.8487143258098759
1141.0,0.8486376730863288
1142.0,0.8485610726156909
1143.0,0.8484861072931215
1144.0,0.8484092878106209
1145.0,0.8483322848394327
1146.0,0.8482586286907874
1147.0,0.8481853849338225
1148.0,0.848111200081395
1149.0,0.8480354387941893
1150.0,0.8479639917421319
1151.0,0.8478866377063158
1152.0,0.8478147689073994
1153.0,0.8477399511392956
1154.0,0.8476635104356958
1155.0,0.8475858469447993
1156.0,0.8475104923203449
1157.0,0.8474346337193817
1158.0,0.8473604214139179
1159.0,0.8472901924744783
1160.0,0.8472182830264393
1161.0,0.8471413316562326
1162.0,0.8470648120807389
1163.0,0.8469926223157346
1164.0,0.8469410428123362
1165.0,0.8468695375861524
1166.0,0.8467994169516156
1167.0,0.8467228999863698
1168.0,0.8466478561025116
1169.0,0.8465720900023638
1170.0,0.8464962649301561
1171.0,0.8464212210462978
1172.0,0.8463686226837643
1173.0,0.8462921159781225
1174.0,0.84621587485467
1175.0,0.8461402766002253
1176.0,0.8460778908839955
1177.0,0.8460172922018644
1178.0,0.8459419142144081
1179.0,0.8458666996290871
1180.0,0.8457904824605919
1181.0,0.8457150207080847
1182.0,0.8456386132683614
1183.0,0.8455627391045748
1184.0,0.8454874670020123
1185.0,0.8454108701957226
1186.0,0.8453343473565799
1187.0,0.8452582027565714
1188.0,0.845183410890162
1189.0,0.8451054891275012
1190.0,0.8450393345595087
1191.0,0.8449739583120298
1192.0,0.8449038757278854
1193.0,0.8448415922578772
1194.0,0.8447671468581923
1195.0,0.8446908495451015
1196.0,0.8446146370827246
1197.0,0.8445551275921221
1198.0,0.8444984357398969
1199.0,0.8444256403957124
1200.0,0.8443505060901093
1201.0,0.8442752441132068
1202.0,0.8442386516734919
1203.0,0.8441726182539467
1204.0,0.8441066023783114
1205.0,0.8440346010260464
1206.0,0.8439579358872334
1207.0,0.8438835851010963
1208.0,0.8438087942915112
1209.0,0.843739330514041
1210.0,0.8436662101160007
1211.0,0.843591059717021
1212.0,0.8435192026136854
1213.0,0.8434564850751576
1214.0,0.8433917049596145
1215.0,0.843317092154866
1216.0,0.8432479985833903
1217.0,0.8431712780225872
1218.0,0.8430946342870521
1219.0,0.8430208925450859
1220.0,0.8429619427937017
1221.0,0.8429096009949708
1222.0,0.8428356391163376
1223.0,0.842771153694869
1224.0,0.8426971977057154
1225.0,0.8426370901873566
1226.0,0.842563248238887
1227.0,0.8424882620906077
1228.0,0.8424123842903085
1229.0,0.8423400298440975
1230.0,0.8422961304381388
1231.0,0.8422425844765298
1232.0,0.8421685779530249
1233.0,0.8420947558965736
1234.0,0.8420270099349972
1235.0,0.8419524524933575
1236.0,0.8419109204556962
1237.0,0.8418362906900994
1238.0,0.8417686929079073
1239.0,0.8416927471218636
1240.0,0.841627658812231
1241.0,0.8415975677625828
1242.0,0.8415629847507129
1243.0,0.8414882980025697
1244.0,0.8414132701825082
1245.0,0.8413368767029549
1246.0,0.8412623375015887
1247.0,0.8411876315973467
1248.0,0.8411222334238624
1249.0,0.8410481557857404
1250.0,0.8409788915507778
1251.0,0.8409160802463266
1252.0,0.840851006755397
1253.0,0.8407817618174231
1254.0,0.8407051724397441
1255.0,0.8406393503693894
1256.0,0.8405742228405572
1257.0,0.8405050508066084
1258.0,0.8404371448991205
1259.0,0.8403625866196801
1260.0,0.8402866493036463
1261.0,0.8402101081490817
1262.0,0.8401664718209997
1263.0,0.8401106919636785
1264.0,0.8400404461116795
1265.0,0.8400117331028152
1266.0,0.8399389404949655
1267.0,0.8398713217058269
1268.0,0.8397970859477711
1269.0,0.8397227126841955
1270.0,0.8396494979962446
1271.0,0.839576653830002
1272.0,0.8395039848447837
1273.0,0.8394324643906981
1274.0,0.8393613062359293
1275.0,0.8392901269624364
1276.0,0.8392282052011539
1277.0,0.8391654173438009
1278.0,0.8390989671280584
1279.0,0.8390334225480309
1280.0,0.8389611290470473
1281.0,0.8388922003393923
1282.0,0.838819559054773
1283.0,0.8387455266844965
1284.0,0.8386710288827407
1285.0,0.8385967198785936
1286.0,0.8385227495713181
1287.0,0.8384491705381701
1288.0,0.8383816123408094
1289.0,0.8383157158922808
1290.0,0.8382425588365918
1291.0,0.8381690925587417
1292.0,0.8380961780667582
1293.0,0.8380246504561395
1294.0,0.8379537131131902
1295.0,0.8378814214804524
1296.0,0.8378072771423271
1297.0,0.8377329643032301
1298.0,0.8376681362407482
1299.0,0.837603394283262
1300.0,0.837532124306301
1301.0,0.8374612140840081
1302.0,0.8374039740476694
1303.0,0.8373326311111813
1304.0,0.8372604143383231
1305.0,0.837186980625189
1306.0,0.8371138762567003
1307.0,0.8370430264660037
1308.0,0.8369753645910604
1309.0,0.8369119314011879
1310.0,0.8368838871925235
1311.0,0.8368203090435286
1312.0,0.8367549172355587
1313.0,0.8366937140823179
1314.0,0.8366308291155601
1315.0,0.8365895689145872
1316.0,0.8365210025008729
1317.0,0.8364516812190415
1318.0,0.8363780508365495
1319.0,0.8363354072910558
1320.0,0.836271255361599
1321.0,0.8362006626207815
1322.0,0.8361295985478002
1323.0,0.836058799209459
1324.0,0.8359935105337464
1325.0,0.8359618115724364
1326.0,0.8358984958176512
1327.0,0.8358298090459503
1328.0,0.8357596745097727
1329.0,0.8356896125979282
1330.0,0.8356239146613732
1331.0,0.8355550929286625
1332.0,0.8354867025318004
1333.0,0.8354168560506191
1334.0,0.8353483341150869
1335.0,0.8352973383377197
1336.0,0.8352651261391637
1337.0,0.8351966293955989
1338.0,0.8351262991458768
1339.0,0.8350547924393715
1340.0,0.834985475448446
1341.0,0.8349166349184706
1342.0,0.8348480678372645
1343.0,0.8347821976547194
1344.0,0.8347219205923556
1345.0,0.8346540796736217
1346.0,0.8345873246521249
1347.0,0.8345193184194223
1348.0,0.8344517455892048
1349.0,0.8343839911116306
1350.0,0.8343164960649264
1351.0,0.8342824651227011
1352.0,0.8342513889039035
1353.0,0.8341847244542482
1354.0,0.8341298419394533
1355.0,0.8340634400642706
1356.0,0.8340082148752465
1357.0,0.8339920583527127
1358.0,0.8339269335598698
1359.0,0.8338607968490578
1360.0,0.8337936815727123
1361.0,0.8337269693605814
1362.0,0.8336597275749632
1363.0,0.8335912957616459
1364.0,0.8335232173462863
1365.0,0.8334567201321171
1366.0,0.8333904919049985
1367.0,0.8333232283245158
1368.0,0.8332630123625493
1369.0,0.833201430139588
1370.0,0.8331343704332143
1371.0,0.8330670493265728
1372.0,0.8329994644230796
1373.0,0.8329325782421043
1374.0,0.8328678225078046
1375.0,0.8328110289985017
1376.0,0.8327611170135917
1377.0,0.8326947973320504
1378.0,0.8326275953544
1379.0,0.832560066538023
1380.0,0.8324945684454226
1381.0,0.8324281206846507
1382.0,0.8323601951723838
1383.0,0.8322954841707614
1384.0,0.8322292104086285
1385.0,0.832187306445084
1386.0,0.832137926395024
1387.0,0.8320719324933464
1388.0,0.832013722156523
1389.0,0.8319466521191303
1390.0,0.8318841429680905
1391.0,0.8318180078916797
1392.0,0.8317504001148538
1393.0,0.8316834054200646
1394.0,0.8316525559189214
1395.0,0.8315945868947275
1396.0,0.8315296970216165
1397.0,0.8314726760850195
1398.0,0.8314237862287707
1399.0,0.831362930071118
1400.0,0.8313041832328202
1401.0,0.8312362484550888
1402.0,0.8311705167204592
1403.0,0.8311026646258534
1404.0,0.8310350623148145
1405.0,0.8310101036561318
1406.0,0.8309548015638745
1407.0,0.8308884360814738
1408.0,0.8308557592794275
1409.0,0.8308232504168901
1410.0,0.830791497565127
1411.0,0.8307235793319029
1412.0,0.83065677115507
1413.0,0.8305894457450005
1414.0,0.8305212531094629
1415.0,0.8304532356055813
1416.0,0.8303876530675295
1417.0,0.8303223210291907
1418.0,0.8302575096444237
1419.0,0.8301917318546458
1420.0,0.8301595609922457
1421.0,0.8301014534069672
1422.0,0.8300525205941213
1423.0,0.8299862934677148
1424.0,0.8299209567850727
1425.0,0.8298735684774123
1426.0,0.8298062328614701
1427.0,0.8297381661223744
1428.0,0.8296704456587911
1429.0,0.8296023082089111
1430.0,0.8295341373207629
1431.0,0.8294785400651334
1432.0,0.8294173009822565
1433.0,0.8293678781643469
1434.0,0.8293016644766914
1435.0,0.8292339565495849
1436.0,0.8291670231015104
1437.0,0.8291021131832361
1438.0,0.8290791980683644
1439.0,0.8290140968894085
1440.0,0.8289579579307821
1441.0,0.82889291034356
1442.0,0.8288268115189056
1443.0,0.8287588762275173
1444.0,0.8286924111276688
1445.0,0.8286245757984981
1446.0,0.828557528227706
1447.0,0.8284896928985354
1448.0,0.8284221547741513
1449.0,0.82835450749991
1450.0,0.8282866912520106
1451.0,0.8282188438970908
1452.0,0.8281520669589318
1453.0,0.8280852211527029
1454.0,0.8280189302561076
1455.0,0.8279527626321703
1456.0,0.8278883436556589
1457.0,0.8278388341009836
1458.0,0.8278000993717873
1459.0,0.8277352863531513
1460.0,0.8276686998545241
1461.0,0.8276030793119806
1462.0,0.8275362593560833
1463.0,0.8274683062829439
1464.0,0.827400469817808
1465.0,0.8273335610538662
1466.0,0.8272666102557658
1467.0,0.8271993274365708
1468.0,0.8271314303785411
1469.0,0.8270634773054016
1470.0,0.8269957156444112
1471.0,0.8269305575932341
1472.0,0.8268626452253606
1473.0,0.8267961401392893
1474.0,0.826728233303425
1475.0,0.8266608632788086
1476.0,0.826594285985018
1477.0,0.8265277668494866
1478.0,0.826460599528114
1479.0,0.8263940222343235
1480.0,0.8263262730760313
1481.0,0.8262588565764306
1482.0,0.8261912650140598
1483.0,0.8261251759361186
1484.0,0.8260573546109827
1485.0,0.8259915265445636
1486.0,0.8259236141766901
1487.0,0.8258574846592395
1488.0,0.825789572291366
1489.0,0.8257213514091752
1490.0,0.8256537156208598
1491.0,0.8255871383270692
1492.0,0.8255195128771571
1493.0,0.8254506062141573
1494.0,0.8253816627430125
1495.0,0.825312996948063
1496.0,0.8252457727624567
1497.0,0.8251839407097832
1498.0,0.8251168210108689
1499.0,0.825057611782668
1500.0,0.824991366558438
1501.0,0.8249257623124336
1502.0,0.8248585696851453
1503.0,0.8247906568256335
1504.0,0.8247225691362257
1505.0,0.8246592096074694
1506.0,0.8246002923423729
1507.0,0.8245342935105937
1508.0,0.8244724552369442
1509.0,0.8244177502826079
1510.0,0.8243541312598118
1511.0,0.8242913480972038
1512.0,0.8242278160511066
1513.0,0.824161068312318
1514.0,0.8240922752898069
1515.0,0.824023254834796
1516.0,0.8239542343797851
1517.0,0.8238863891616577
1518.0,0.8238185093514072
1519.0,0.8237514453118214
1520.0,0.8236826540619362
1521.0,0.8236160821919998
1522.0,0.8235506488867892
1523.0,0.8234838468373757
1524.0,0.823415184781212
1525.0,0.8233605550164527
1526.0,0.8232925599724308
1527.0,0.8232250486715857
1528.0,0.8231613017662375
1529.0,0.8230947087724582
1530.0,0.8230273512990384
1531.0,0.8229596156130038
1532.0,0.8228925519219336
1533.0,0.8228254882308633
1534.0,0.8227642759746878
1535.0,0.8226974452615595
1536.0,0.8226326339669158
1537.0,0.8225679707086464
1538.0,0.8225018721428744
1539.0,0.8224348035881555
1540.0,0.8223685840727939
1541.0,0.8223078199728067
1542.0,0.8222528922802284
1543.0,0.8221918842731624
1544.0,0.8221313403347825
1545.0,0.8220641098266807
1546.0,0.821996616634819
1547.0,0.8219291732586623
1548.0,0.8218625807082741
1549.0,0.8217963573948761
1550.0,0.8217341858354767
1551.0,0.8216675425248811
1552.0,0.8216010944792431
1553.0,0.821535063418749
1554.0,0.8214746937818237
1555.0,0.821408196755445
1556.0,0.8213406207009927
1557.0,0.8212732632275729
1558.0,0.8212065792867719
1559.0,0.8211397794948926
1560.0,0.8210804185655894
1561.0,0.8210312875506357
1562.0,0.8209651838703675
1563.0,0.8208988402762063
1564.0,0.8208331067181932
1565.0,0.8207665541428849
1566.0,0.8207113198239925
1567.0,0.8206610225287924
1568.0,0.8206217286974633
1569.0,0.820554845078669
1570.0,0.8204945004385717
1571.0,0.8204292325636833
1572.0,0.8203620573471833
1573.0,0.820296176577688
1574.0,0.8202300313402026
1575.0,0.8201636186924504
1576.0,0.8200975028035946
1577.0,0.8200322400372133
1578.0,0.819965713637443
1579.0,0.8198993569598945
1580.0,0.8198392955314197
1581.0,0.8197785842376677
1582.0,0.819717897359314
1583.0,0.8196521851707985
1584.0,0.8195925086224011
1585.0,0.8195279192658612
1586.0,0.8194624882117977
1587.0,0.8193969919742923
1588.0,0.8193317253524772
1589.0,0.8192855099134613
1590.0,0.8192312520012863
1591.0,0.8191740678988734
1592.0,0.8191088583125219
1593.0,0.8190423783777466
1594.0,0.8189766608086945
1595.0,0.8189110336775018
1596.0,0.8188455095967375
1597.0,0.8188061706723291
1598.0,0.8187867564399329
1599.0,0.8187563452532346
1600.0,0.8186906353598984
1601.0,0.818625804685332
1602.0,0.8185597947856836
1603.0,0.8184927499433968
1604.0,0.8184274785790329
1605.0,0.8183626577736149
1606.0,0.8183006812668209
1607.0,0.8182496813094607
1608.0,0.8181840705811709
1609.0,0.8181176892861441
1610.0,0.8180514414497583
1611.0,0.8179869272986793
1612.0,0.8179206794622934
1613.0,0.8178561984984408
1614.0,0.817791326897302
1615.0,0.817725353775828
1616.0,0.8176637712011776
1617.0,0.8175979118434449
1618.0,0.8175365182773767
1619.0,0.817496374739221
1620.0,0.8174388597763157
1621.0,0.817387068955381
1622.0,0.8173310980277676
1623.0,0.8172643422908247
1624.0,0.8172019553135331
1625.0,0.8171350708482584
1626.0,0.817069986988752
1627.0,0.8170121593883718
1628.0,0.816951363130159
1629.0,0.8169105464033409
1630.0,0.8168450232994834
1631.0,0.816779792829808
1632.0,0.816719756115562
1633.0,0.8166639352959355
1634.0,0.8166137388011054
1635.0,0.8165526766763287
1636.0,0.816491462001454
1637.0,0.8164273170377255
1638.0,0.81636287206551
1639.0,0.8162992529663787
1640.0,0.8162350163792745
1641.0,0.8161746150278427
1642.0,0.816119892626899
1643.0,0.8160590213343859
1644.0,0.8160001430433835
1645.0,0.8159361854778697
1646.0,0.8158719393179072
1647.0,0.8158061969649198
1648.0,0.8157776063553132
1649.0,0.8157116934526012
1650.0,0.8156557562744966
1651.0,0.8155999458094558
1652.0,0.8155331120539724
1653.0,0.8154705826578744
1654.0,0.8154043203416721
1655.0,0.8153383534676181
1656.0,0.815272796243673
1657.0,0.8152066188220131
1658.0,0.815141502717944
1659.0,0.8150782770764253
1660.0,0.8150206689300474
1661.0,0.8149662171334393
1662.0,0.8149033024639158
1663.0,0.8148544071778722
1664.0,0.8147992297824398
1665.0,0.8147319393880441
1666.0,0.814670989512484
1667.0,0.8146093219010686
1668.0,0.8145377560364594
1669.0,0.814472749008172
1670.0,0.8144070956217396
1671.0,0.8143512177369362
1672.0,0.8142890823205936
1673.0,0.8142237278819839
1674.0,0.8141594440859284
1675.0,0.8140953504716937
1676.0,0.8140344685863087
1677.0,0.8139764195824785
1678.0,0.8139212559582008
1679.0,0.8138790881939099
1680.0,0.8138186598918691
1681.0,0.8137569930758365
1682.0,0.8136932500984768
1683.0,0.8136288853303563
1684.0,0.813563995052356
1685.0,0.8135000588234939
1686.0,0.8134354302577352
1687.0,0.813391231541283
1688.0,0.8133370199302489
1689.0,0.8132821861676113
1690.0,0.8132219554881903
1691.0,0.8131571827470644
1692.0,0.8130921791873462
1693.0,0.8130298486214351
1694.0,0.8129761305726173
1695.0,0.8129187377055805
1696.0,0.8128691855401937
1697.0,0.8128065886838095
1698.0,0.8127478104252486
1699.0,0.8126958649701428
1700.0,0.8126353291982163
1701.0,0.8125732904888433
1702.0,0.8125114350464394
1703.0,0.8124492126006485
1704.0,0.8123860005943727
1705.0,0.8123196273810398
1706.0,0.8122573299164454
1707.0,0.8121910159506018
1708.0,0.8121264279525171
1709.0,0.8120865501022495
1710.0,0.8120422305091929
1711.0,0.81198908206216
1712.0,0.8119237800208023
1713.0,0.8118598058268042
1714.0,0.8117957926797484
1715.0,0.8117317384441338
1716.0,0.8116684837501362
1717.0,0.8116034456719262
1718.0,0.8115419343447414
1719.0,0.8114803077267281
1720.0,0.8114179704443475
1721.0,0.8113530680313276
1722.0,0.8112897207345636
1723.0,0.8112257795046763
1724.0,0.8111626360134971
1725.0,0.8110981500639571
1726.0,0.811034175869959
1727.0,0.8109727450496421
1728.0,0.8109428466345847
1729.0,0.8108828213624064
1730.0,0.8108443721572265
1731.0,0.8107947581797603
1732.0,0.8107310657429511
1733.0,0.8106809508351246
1734.0,0.8106220742936255
1735.0,0.8105687266442994
1736.0,0.810506477444349
1737.0,0.8104415750313291
1738.0,0.8103816282863826
1739.0,0.8103170420301038
1740.0,0.810251481075298
1741.0,0.8101872362519541
1742.0,0.8101240357785551
1743.0,0.8100625275422314
1744.0,0.8099981270339233
1745.0,0.8099325174165753
1746.0,0.8098692800086194
1747.0,0.8098049959137583
1748.0,0.8097431840744507
1749.0,0.8096787565311825
1750.0,0.8096146123956581
1751.0,0.8095504139284859
1752.0,0.8094869693356304
1753.0,0.8094213253008349
1754.0,0.8093736171726298
1755.0,0.8093242946362244
1756.0,0.8092686446385714
1757.0,0.8092390547774443
1758.0,0.809179492479388
1759.0,0.8091153771315918
1760.0,0.8090539274621271
1761.0,0.808991817920464
1762.0,0.8089267657487731
1763.0,0.8088621821857929
1764.0,0.8087990707551264
1765.0,0.8087358160611288
1766.0,0.8086713889342709
1767.0,0.8086079840392407
1768.0,0.8085441284376277
1769.0,0.8084798762356797
1770.0,0.8084156240337318
1771.0,0.8083508594775645
1772.0,0.8082861228761397
1773.0,0.8082206722577313
1774.0,0.8081567773655989
1775.0,0.8080924605337645
1776.0,0.8080296871684756
1777.0,0.807981167027042
1778.0,0.8079425941238481
1779.0,0.8078895081051866
1780.0,0.8078598066108708
1781.0,0.8078375495955072
1782.0,0.8077907714158282
1783.0,0.8077505567229741
1784.0,0.807701713471431
1785.0,0.8076846557735913
1786.0,0.8076354822882144
1787.0,0.807599364024261
1788.0,0.8075415931329496
1789.0,0.8074928993308262
1790.0,0.8074347694442866
1791.0,0.8073767240721731
1792.0,0.8073112451175894
1793.0,0.8072474456028359
1794.0,0.8072076650868255
1795.0,0.8071545583406201
1796.0,0.8071066501217419
1797.0,0.8070613388245658
1798.0,0.8070408129816143
1799.0,0.8069985411099118
1800.0,0.8069354151971326
1801.0,0.80688706341798
1802.0,0.8068567680575633
1803.0,0.8067989844255108
1804.0,0.806738467235932
1805.0,0.8066772210949272
1806.0,0.8066122853894003
1807.0,0.8065508859985778
1808.0,0.8064855391517861
1809.0,0.8064209650205476
1810.0,0.806356311059269
1811.0,0.8062946370821126
1812.0,0.8062293555516509
1813.0,0.8061646935865715
1814.0,0.8061026769737557
1815.0,0.8060363839384754
1816.0,0.8059709792476275
1817.0,0.8059056859172639
1818.0,0.8058454820453709
1819.0,0.8057846937434996
1820.0,0.8057223007127688
1821.0,0.8056578848196337
1822.0,0.8055927011952765
1823.0,0.8055324798980608
1824.0,0.8054665993705774
